Tom Bottini,24 Dartmouth Dr,Framingham,MA,01701
Michael Bottini,123 Park Place,Hillsboro,OR,97123
Michael Bottini,123 Park Place,Hillsboro,OR,97123
Susan Nutter,4170 Hood Ave,San Diego,CA,92103
Craig Strickland,1910 Angie Dr,Irvine,CA,92614
Brian Trost,4496 Bel Meadow Dr,Pomona,CA,91766
Gloria Lofton,3331 Fittro St,Monticello,AR,71665
Alexandra Ellis,1305 Poco Mas Dr,Dallas,TX,75202
Catherine Olmstead,3195 August Ln,Shreveport,LA,71101
Multiple Errors,89012673y189236918723yjhkgbasjkdgbajkashbdjkashdjkaskjkashdajk,ghiudkghaskijsgdbukajsgdkjuyawhgab,ASDF,912821
