Acme,4 A Street,Portland,OR,97123
Beta Counseling,6 Stuff St,Pigknuckle,AR,87912
Gamma Massage,4 Aleph St,Pineapple,AL,12341
Delta Hypnosis,14 Stuff St,Pigknuckle,AR,87912
E-lane,516 New Saddle Ave,Mechanicsburg,PA,17050
Lanekayex,7 Bald Hill Ln,Summerfield,FL,34491
Ganztam,52 Sunnyslope St,Kearny,NJ,07032
Quoelectrics,302 Pennsylvania Ave,Macon,GA,31204
Zoodexon,868 Grove Dr,Michigan,City,IN,46360
Overlab,28 George St,Muncie,IN,47302
Blackcore,79 Edgefield Dr,Niagara Falls,NY,14304
Citylux,88 S. Highland Ave,Virginia Beach,VA,23451
Whitestreet,949 E. Sierra Ave,Palm Coast,FL,32137
